person_name,user_name,email,personal_number,birth_date,address,phone,mac_address,ip_address,iban,accessed_at,session_duration,download_speed,upload_speed,consumed_traffic,unique_id
Augusto Marco Antonio Jaimes,augustomarcoantoniojaimes,augustomarcoantoniojaimes@hotmail.com,25374725130,1915-04-01,"Continuación de León 405 691, Nueva Grecia, AGS 88214-4429",101-791-6106,88:2d:1f:18:7d:d7,70.13.210.114,GB09IQAG2059932838282,2025-06-23 18:01:51,19106,225,707,1923328,a97bb905-9d5e-44db-b102-a7586e276202
Wilfrido Alejandra Urrutia Borrego,wilfridoalejandraurrutiaborrego,wilfridoalejandraurrutiaborrego@yahoo.com,78061143240,1992-05-20,"Ampliación Barbados 235 Edif. 839 , Depto. 407, San Miguel los bajos, BC 29404-8727",324-029-5862,94:62:ad:02:07:3e,62.158.163.133,GB21WNMO0367251155918,2025-06-23 18:01:51,29000,990,510,1482959,d3edda29-720c-4326-b58a-ef08c25c0828
Marcela Noemí Ramírez,marcelanoemíramírez,marcelanoemíramírez@yahoo.com,13707161041,1964-04-25,"Eje vial Sur Porras 469 Interior 215, Nueva Albania, CHIS 22555-4808",919-574-6622x9415,14:04:eb:ca:db:e6,84.12.150.3,GB39ZOHC3892356627350,2025-06-23 18:01:51,3571,827,460,924982,9b9ec92f-932c-4676-aeb2-6f7e59206363
Ofelia Ricardo Mercado Quintana,ofeliaricardomercadoquintana,ofeliaricardomercadoquintana@hotmail.com,19446091126,1974-10-06,"Calle Puebla 857 062, San Aurora los altos, NAY 74544",390-155-7135,22:da:b9:6d:d5:b5,201.42.133.255,GB30ZHNY3903732408975,2025-06-23 18:01:51,16788,899,597,1516879,622f5e85-9e36-49b8-b312-a1d469e97555
Dr. Ruby Heredia,dr.rubyheredia,dr.rubyheredia@hotmail.com,52804516327,1945-01-07,"Ampliación Olivo 539 Interior 284, San Margarita los altos, Q. ROO 89291",(161)714-2218x5838,54:b3:82:15:80:6f,57.140.13.16,GB90VDYZ9424703853696,2025-06-23 18:01:51,11051,741,673,1570646,06255eef-06b2-40ed-8400-d01e8cf3e381
Martín Diego Zavala,martíndiegozavala,martíndiegozavala@yahoo.com,26527522424,1974-04-27,"Cerrada Lozano 264 649, San Úrsula de la Montaña, AGS 54327",(785)098-1796x118,f4:36:8a:ff:98:05,98.38.246.103,GB07RKYN3865589918149,2025-06-23 18:01:51,25991,933,473,586958,5ce330c6-7a93-497f-ad03-0af26358c4cf
Eloisa Marisol Loera Mendoza,eloisamarisolloeramendoza,eloisamarisolloeramendoza@gmail.com,63385856792,1923-12-19,"Diagonal Mozambique 275 Interior 417, San Jacinto los altos, YUC 70613",046-379-2317,44:69:c9:09:4a:e8,28.12.104.164,GB06TKQA9529739045487,2025-06-23 18:01:51,21662,104,52,1808370,5ad4e174-9b58-40df-bc48-2faed524fceb
Enrique Alonso Olivo,enriquealonsoolivo,enriquealonsoolivo@gmail.com,2262709211,1948-09-09,"Cerrada Sur Serrano 638 Interior 998, Vieja Côte d'Ivoire, BC 04120-8386",031.024.7711,1e:3e:bb:75:26:1a,128.244.202.187,GB91MEDA9982017174693,2025-06-23 18:01:51,24746,135,643,1534286,a46a855e-0a55-4272-b844-0cb8b7f8cbf5
Amalia Wilfrido Valencia,amaliawilfridovalencia,amaliawilfridovalencia@yahoo.com,81378102628,1953-10-14,"Periférico Niger 420 451, San Alicia de la Montaña, NL 82497-7021",906.859.7368x370,14:4e:f3:12:e5:c9,98.180.64.35,GB32PMNC1850117643193,2025-06-23 18:01:51,34078,268,157,1593404,e90fb928-a372-4e78-97bc-ad2a0e449bf8
Mtro. Ignacio Sosa,mtro.ignaciososa,mtro.ignaciososa@hotmail.com,95109904045,1985-02-06,"Calle Patiño 388 Edif. 207 , Depto. 921, San Eloy de la Montaña, HGO 90634-0255",(975)693-2968x52419,d6:07:36:8a:b2:c7,56.229.27.69,GB66FILW0091183907812,2025-06-23 18:01:51,11644,941,791,951482,a019180c-7abc-4ab0-816e-bedfb923a9c8
Claudia Quiñones Benítez,claudiaquiñonesbenítez,claudiaquiñonesbenítez@yahoo.com,47467853827,1987-04-07,"Eje vial Jalisco 824 Interior 386, Vieja Mauricio, NL 10980",+52(2)6389238935,76:28:a7:59:9b:9b,157.251.190.64,GB09NUJX7252312775533,2025-06-23 18:01:51,23957,136,639,935124,be448d54-7577-450c-9c60-a7763a165868
Sr(a). Serafín Reséndez,sr(a).serafínreséndez,sr(a).serafínreséndez@yahoo.com,33196523204,2014-09-17,"Peatonal Aguascalientes 004 915, Nueva República Árabe Siria, MOR 35389-6663",01563564466,b4:e4:fa:18:02:20,184.119.154.85,GB53JKJT8659469134188,2025-06-23 18:01:51,21404,613,578,323493,63f6c2cf-0463-4501-bbf4-8ee7ed853d0d
Wilfrido Ricardo Rojas,wilfridoricardorojas,wilfridoricardorojas@gmail.com,28588876210,1979-05-01,"Avenida Sonora 068 Interior 248, San Alejandra los bajos, VER 39805",+72(7)0436428251,3e:8b:c5:dd:f5:63,210.117.165.48,GB87AHLX6589206810828,2025-06-23 18:01:51,8384,807,126,726812,38d5074a-ac40-4552-a64c-7e5138e01928
Laura Rosario Lugo,laurarosariolugo,laurarosariolugo@hotmail.com,47707856937,1934-03-07,"Cerrada Marruecos 891 119, San Cristobal de la Montaña, CHIH 95631",662.103.6081x385,14:82:8b:3c:26:06,116.250.122.208,GB93PTZN6363964921780,2025-06-23 18:01:51,9237,393,131,306834,fd17e5e5-561f-4daf-8b50-00586a1a7e22
Mariana Cintrón,marianacintrón,marianacintrón@hotmail.com,17421969480,1979-10-12,"Calzada Perú 495 Edif. 294 , Depto. 631, Nueva Bolivia, SON 83519-1361",554.300.5926,a2:09:24:ad:37:13,111.44.110.36,GB66SEDN8009992290099,2025-06-23 18:01:51,24559,872,454,207715,13fe8311-7278-4f2d-953b-5f60222899e3
Sr(a). Lucas Segura,sr(a).lucassegura,sr(a).lucassegura@hotmail.com,15231320571,2025-04-03,"Ampliación Canadá 137 180, Nueva Rwanda, DF 08671",017-129-3123x975,fa:fe:da:20:db:57,164.239.29.53,GB92PDCY1474789965993,2025-06-23 18:01:51,32983,653,64,1595261,7ab270c4-b00d-4f4a-9719-6fb041a05cd7
Enrique Nicolás Saiz,enriquenicolássaiz,enriquenicolássaiz@gmail.com,44446161950,1969-01-17,"Andador Meléndez 119 Edif. 665 , Depto. 815, San Martha los altos, TLAX 72068",1-462-681-8102,d4:5f:d1:09:a5:4c,222.56.24.109,GB93CGTY9241470660285,2025-06-23 18:01:51,18340,748,589,711059,2476754a-28c2-4dd5-9fdb-b46e16dbf8b4
Amanda Guillermina Jasso Bañuelos,amandaguillerminajassobañuelos,amandaguillerminajassobañuelos@yahoo.com,60469274447,1968-08-15,"Prolongación Norte Bétancourt 890 Interior 947, Vieja Letonia, DF 45267",308.489.4570x5326,06:02:05:78:64:ce,5.221.171.19,GB41ESDP3758339235207,2025-06-23 18:01:51,34254,430,167,109961,7ec08c95-cc22-450e-bda8-9e30f5a2e138
Victoria Barrientos,victoriabarrientos,victoriabarrientos@yahoo.com,16244419624,1951-06-04,"Calzada Yucatán 892 Edif. 343 , Depto. 045, San Alicia los bajos, ZAC 88635-0657",403.539.0946,dc:5d:79:c3:5d:4e,113.15.161.237,GB70RFXU5092901668444,2025-06-23 18:01:51,26334,763,395,303775,bb50b412-c0e4-4a16-8f73-078129a92451
Sr(a). Barbara Vigil,sr(a).barbaravigil,sr(a).barbaravigil@gmail.com,43001882174,2001-11-02,"Viaducto Valle 151 477, Nueva Burundi, ZAC 37603-4657",(012)416-2346,1a:04:52:c2:ca:38,1.24.87.65,GB70EWPB9318593855530,2025-06-23 18:01:51,5498,761,348,58442,42193d9b-1730-4e7d-bd35-f6cb453f5842
Abigail Mena,abigailmena,abigailmena@hotmail.com,79340309701,1979-02-01,"Retorno Guanajuato 502 Edif. 685 , Depto. 414, Vieja India, DF 99818",598.311.9687x3405,aa:2d:7f:32:0c:23,57.27.28.93,GB47ACBN6363138452482,2025-06-23 18:01:51,31611,805,628,538453,d5e7a677-ec7b-4e81-ba30-55508ed9187e
Manuel Ignacio Tejada,manuelignaciotejada,manuelignaciotejada@gmail.com,5191543205,2004-08-13,"Viaducto Norte Rico 800 Interior 128, San Timoteo los bajos, COAH 13121",1-250-368-4164,ec:f3:05:82:90:c3,101.78.80.109,GB46UFWG1149705366599,2025-06-23 18:01:51,18467,605,29,954494,7809856a-0b83-4273-9ae0-0dd4b563638e
Dr. Cristal Piña,dr.cristalpiña,dr.cristalpiña@yahoo.com,39483202238,2014-09-24,"Peatonal Limón 599 Edif. 710 , Depto. 634, Vieja Arabia Saudita, BCS 14206-8785",875.332.1827x358,d6:87:c1:36:54:da,16.51.95.10,GB60EOCQ2311310799031,2025-06-23 18:01:51,4018,421,185,893280,12d50b58-5f9e-48b6-9bb0-e91f6d416f7b
Maximiliano Israel Garibay,maximilianoisraelgaribay,maximilianoisraelgaribay@hotmail.com,84933656658,1934-07-01,"Cerrada Norte Vaca 065 863, San Carlota los altos, GRO 26467",090-564-2912x767,80:a7:7c:ee:9d:db,188.242.77.74,GB32FGGK7366065553288,2025-06-23 18:01:51,14071,298,670,1514928,957e8868-6d2c-45f7-9994-4b566c3d4a42
Carmen Aparicio,carmenaparicio,carmenaparicio@yahoo.com,85399589812,1993-08-03,"Boulevard Herrera 950 Edif. 219 , Depto. 224, Nueva Uzbekistán, HGO 40066-6698",1-435-762-8439,52:23:f0:81:d7:35,140.164.182.219,GB66ZDUW6901185655875,2025-06-23 18:01:51,6076,710,550,1114985,3d896883-d993-4715-9768-03eec12030d7
Hugo Negrete,hugonegrete,hugonegrete@yahoo.com,37459352888,1945-11-11,"Eje vial Rubio 763 119, San Aurelio de la Montaña, CHIS 73193-2113",1-715-306-2233x56834,7a:36:57:83:0e:b8,92.207.151.75,GB65XRFO6878744365914,2025-06-23 18:01:51,23211,163,357,325771,db61bae3-a578-46c7-b6e9-9d9ff1f60d58
Joaquín Marisol Chacón Alejandro,joaquínmarisolchacónalejandro,joaquínmarisolchacónalejandro@hotmail.com,10027053874,1921-04-17,"Ampliación San Marino 585 Interior 332, San Ernesto los bajos, TAB 99246",+11(6)8378674800,3c:d9:23:05:b3:ab,69.150.17.152,GB84VOGN2235215573143,2025-06-23 18:01:51,21116,702,33,946486,e282b673-1863-4b39-8df3-fef9b39661f4
Lucía Ricardo Collado Arriaga,lucíaricardocolladoarriaga,lucíaricardocolladoarriaga@yahoo.com,83950297289,1918-01-31,"Cerrada Hernandes 892 661, San Aldonza de la Montaña, JAL 68444-0491",624-344-0545x29185,92:ec:96:41:a8:a8,156.139.168.166,GB04TSVE3652767268925,2025-06-23 18:01:51,19639,462,670,180138,eb198afd-a52a-4a35-99ce-d71bcdb656c4
Mateo Angélica Correa,mateoangélicacorrea,mateoangélicacorrea@hotmail.com,65602949862,1992-03-25,"Avenida Téllez 443 387, San Antonio los bajos, PUE 26973-8181",(395)328-4743x3902,72:a1:8c:4a:37:b5,5.72.15.92,GB29HLYA9478307684897,2025-06-23 18:01:51,14521,486,693,232318,f2a50ea0-9e44-4fb2-94c0-b9ca67847616
Jorge Eugenia Montenegro Holguín,jorgeeugeniamontenegroholguín,jorgeeugeniamontenegroholguín@yahoo.com,76918121088,1999-04-18,"Callejón Malawi 390 032, Vieja Ecuador, VER 44733-0510",(417)159-5896,98:de:10:1b:66:bb,18.145.254.124,GB51CGOM5067282168529,2025-06-23 18:01:51,5116,241,663,1241573,803d32fe-42c9-4094-a53b-89116321ad10
Ernesto Lucio,ernestolucio,ernestolucio@yahoo.com,43646849349,1921-02-16,"Calzada Querétaro 073 053, San Jacobo los bajos, Q. ROO 02025-2987",1-781-098-5908x131,94:3d:65:84:b1:c6,149.29.123.52,GB64FLXH6259761593443,2025-06-23 18:01:51,35740,835,301,900434,c3d21952-d02a-458d-a8af-0946bcf195a3
Abel López,abellópez,abellópez@yahoo.com,10474611067,1917-08-18,"Corredor Padilla 563 Interior 781, San Verónica los altos, GTO 60949-1221",1-416-959-7473x3841,5e:c2:15:e1:76:28,208.49.32.37,GB96HJTL9320209707753,2025-06-23 18:01:51,30738,385,618,933551,84d132df-3690-4596-828b-79cba7ff846b
Jos Bianca Pineda Solano,josbiancapinedasolano,josbiancapinedasolano@hotmail.com,17544129988,1956-01-07,"Prolongación Chiapas 266 Edif. 385 , Depto. 249, Nueva Serbia, SON 67206",894.058.0588,44:43:a0:f5:52:d8,140.192.131.84,GB71AWAM4642273142954,2025-06-23 18:01:51,3402,363,738,1838919,977c4dbd-1b31-4642-9e31-f000e8737803
Daniela Fabiola Vélez Angulo,danielafabiolavélezangulo,danielafabiolavélezangulo@hotmail.com,55698226721,1950-10-06,"Prolongación Pérez 391 107, Vieja República Árabe Siria, DGO 10896-2894",+24(4)3493210210,5a:84:fb:4f:53:4f,212.97.146.185,GB98XIMU7812619924405,2025-06-23 18:01:51,4784,586,164,900097,ee925d33-bcf2-44a1-b979-7065d68a5a82
Mitzy Amador Puente,mitzyamadorpuente,mitzyamadorpuente@hotmail.com,15530453594,1960-05-31,"Calzada Véliz 071 511, San Luisa de la Montaña, SON 90647",00901424078,40:07:be:5a:0e:73,146.62.103.105,GB65BNIP4074296164777,2025-06-23 18:01:51,31607,202,642,1861452,28d22182-1821-4639-8b7f-27a53172329d
Antonio Morales,antoniomorales,antoniomorales@hotmail.com,18754718411,2020-10-07,"Calzada Solorzano 288 Interior 716, San Marisela los altos, MOR 61556",864.025.4202x5860,8a:d7:51:ca:71:28,50.21.248.32,GB38KNFS5385730371293,2025-06-23 18:01:51,32018,529,99,1757734,e7e19e98-a624-413f-a7ac-9d9814d6bc3c
Anabel Padilla,anabelpadilla,anabelpadilla@yahoo.com,10908264384,1997-12-16,"Ampliación Miramontes 931 258, San Serafín los altos, BCS 50967",1-822-182-3143x28303,90:2f:fb:59:3d:eb,91.225.124.61,GB49JOAS6139200344453,2025-06-23 18:01:51,5025,377,512,737310,a59ec4de-4ab0-4ca1-9bdc-b5070d2c4758
María Mitzy Quesada,maríamitzyquesada,maríamitzyquesada@gmail.com,72416340601,2009-03-16,"Eje vial Bangladesh 484 Interior 045, San Diana los altos, AGS 18535",032-344-2068x8783,2c:4e:80:66:44:f7,54.59.63.119,GB20UBVX9068856390603,2025-06-23 18:01:51,17229,138,193,1808279,2d97826c-a58a-42be-a01e-47a471929e6c
Marcela Rivero,marcelarivero,marcelarivero@hotmail.com,56391809227,2011-05-20,"Pasaje Norte Zepeda 756 061, San Horacio de la Montaña, YUC 46012-2860",337.161.6562x343,f4:f2:78:37:9a:15,202.204.165.220,GB17WSNE0800967758074,2025-06-23 18:01:51,27835,824,272,1778458,4347dfa3-0c26-4446-86d3-323af9e5d501
Gustavo Miguel Ángel Olvera,gustavomiguelángelolvera,gustavomiguelángelolvera@yahoo.com,35085992747,1930-02-23,"Andador Carreón 621 445, Nueva República Popular Democrática de Corea, BC 87585-7092",227.515.3430x87989,0c:39:79:c3:31:2c,15.189.174.14,GB06UJSE2770554791640,2025-06-23 18:01:51,27076,5,552,1168498,62e1474c-232d-4989-a1bd-76024984b932
Ing. Eric Salcido,ing.ericsalcido,ing.ericsalcido@gmail.com,45078959876,1969-07-24,"Circunvalación Norte Valdés 264 Edif. 892 , Depto. 869, Nueva México, TLAX 69373-0626",(228)532-2463x1928,76:0f:1a:d7:54:6b,136.65.228.66,GB44XTKH3338029602179,2025-06-23 18:01:51,17232,767,697,178988,f89de5f1-09db-4331-89b6-5d2bb98bd073
Lorena Porfirio Carreón Jurado,lorenaporfiriocarreónjurado,lorenaporfiriocarreónjurado@hotmail.com,48119108164,1996-08-30,"Eje vial Yucatán 241 Edif. 394 , Depto. 536, San Benjamín de la Montaña, TLAX 39673-7876",145.462.0641x495,54:14:c2:8d:82:c0,102.212.145.204,GB61SQCM4104245709773,2025-06-23 18:01:51,31213,346,368,1361746,ff732807-1dc3-46b8-9f2f-72673316d7ec
César Elvira Iglesias Reséndez,césarelviraiglesiasreséndez,césarelviraiglesiasreséndez@gmail.com,13608085232,1976-04-25,"Avenida México 780 046, Nueva Bahamas, TAB 06996",141-862-4448x0198,6e:f7:4e:cf:28:47,148.141.131.57,GB09IFUA8696111381520,2025-06-23 18:01:51,11516,168,178,653734,6e07de7c-f0ec-425e-ba8e-6b2f3bfb8f9a
Arcelia Margarita Núñez Crespo,arceliamargaritanúñezcrespo,arceliamargaritanúñezcrespo@yahoo.com,94948016442,1957-07-03,"Calzada Sur Cardona 107 Interior 579, Nueva Madagascar, DGO 63860-4989",(375)557-7624,3e:d7:cf:c2:93:46,208.172.207.59,GB30UYNU8902479549337,2025-06-23 18:01:51,15272,921,58,1108198,28d6b681-7285-4c05-97c0-bb6a3dc53b2f
Ramón Cervántez,ramóncervántez,ramóncervántez@hotmail.com,97168586309,2003-03-14,"Peatonal Costa Rica 172 Interior 999, San Ana los altos, NL 68273",770-077-5225,2e:31:fe:fa:44:f2,64.115.8.252,GB50VXOE8901314829647,2025-06-23 18:01:51,20847,840,256,45212,57c094be-3dc2-48cc-8306-86ac216ab32c
Lic. Cristian Alcántar,lic.cristianalcántar,lic.cristianalcántar@gmail.com,93231921953,1987-09-26,"Diagonal Campeche 302 Interior 771, San Anel de la Montaña, BCS 05991",555.724.5704x1116,06:4e:f1:49:29:72,136.131.166.134,GB39IODH0226010654448,2025-06-23 18:01:51,29837,121,592,1313131,aa3574b9-f387-4515-8176-c0849c80ad64
Marcela Teresa Ocampo Gurule,marcelateresaocampogurule,marcelateresaocampogurule@gmail.com,18727533749,1995-05-26,"Corredor Sur Varela 400 Edif. 489 , Depto. 554, Vieja Iraq, DF 04603",201.561.1984x8472,84:77:4b:7b:23:e2,29.52.33.27,GB56ZIFG7686759967769,2025-06-23 18:01:51,3709,314,484,1398548,ee9ec72e-7c09-41fa-9b45-3a931b4cda8f
Esmeralda Alfredo Casárez,esmeraldaalfredocasárez,esmeraldaalfredocasárez@hotmail.com,66743324551,2017-01-28,"Continuación Suárez 498 554, Nueva México, COAH 75430",+43(5)7157399127,fa:d7:12:79:f6:88,180.24.30.64,GB82HQTK7273178319573,2025-06-23 18:01:51,31901,143,729,1224966,6832d0bb-2d21-4e6b-a438-56656a3f589a
Ruby Rodrigo Durán,rubyrodrigodurán,rubyrodrigodurán@yahoo.com,57380829614,1954-09-03,"Calle Espinoza 907 934, San Lilia los bajos, JAL 38499-7972",640-233-2322x030,76:da:d9:86:8f:7a,54.71.219.227,GB71OVJA9154780356545,2025-06-23 18:01:51,15998,486,174,403670,970ae4ee-c91b-4cdf-8503-0aef36868850
Sr(a). Cornelio León,sr(a).cornelioleón,sr(a).cornelioleón@hotmail.com,94682618015,1942-08-09,"Cerrada Sur Hidalgo 647 Edif. 555 , Depto. 297, Vieja Bolivia, TAB 01954-2732",359-868-4711x11813,a0:59:ab:14:52:ac,105.181.216.106,GB11LEOA7300718000954,2025-06-23 18:01:51,12665,998,508,109029,717576f6-4349-48b7-960f-020008a7c174
Cynthia Lucio,cynthialucio,cynthialucio@yahoo.com,15374508081,1978-11-11,"Privada San Luis Potosí 555 Interior 023, San Héctor los altos, GRO 73681-6138",(106)345-7922,12:2b:db:2c:85:57,105.198.60.70,GB05OPYF1003484928778,2025-06-23 18:01:51,6232,72,626,64061,ae2f8b6f-522a-4bf8-8275-84c5039c1369
Luisa Escalante,luisaescalante,luisaescalante@gmail.com,41698117045,2003-12-31,"Corredor Treviño 451 Edif. 873 , Depto. 366, Vieja Suecia, JAL 29952",1-634-258-2437x4219,24:a8:db:74:ca:4c,64.243.19.160,GB85UVEN8819342774130,2025-06-23 18:01:51,1804,466,436,987223,58de9df8-82e4-4fa7-aaae-4ea4e48a656f
Sr(a). Luis Miguel Riojas,sr(a).luismiguelriojas,sr(a).luismiguelriojas@hotmail.com,22088390160,2006-10-13,"Cerrada Rwanda 152 816, San Angélica los bajos, CHIH 87344",850.635.1649x129,f2:cf:03:58:d1:68,99.39.56.49,GB16PAUP4358574327178,2025-06-23 18:01:51,6735,672,286,1378873,34acfb72-8f4d-4a48-ac16-4cca571316ac
Caridad Caridad Valle,caridadcaridadvalle,caridadcaridadvalle@gmail.com,16223762036,1957-09-22,"Peatonal República de Macedonia del Norte 909 Interior 250, San Teresa los altos, BCS 83093",1-437-240-5926,48:1b:8c:2e:33:fb,52.165.137.226,GB79BHYO2276652460590,2025-06-23 18:01:51,34545,556,661,456856,e39463b8-a513-48df-a247-84a4dabe5887
Sr(a). Julia Barrera,sr(a).juliabarrera,sr(a).juliabarrera@hotmail.com,98901342315,2006-04-18,"Avenida Guanajuato 918 601, San Elena los altos, OAX 23592-4243",1-466-716-2543x57582,68:38:df:d3:7b:b6,38.144.180.164,GB18ALHF2987129610704,2025-06-23 18:01:51,17729,393,344,1245877,8c4600ed-7bba-4c20-bb26-04adefb0bb4a
Graciela Isaac Garza,gracielaisaacgarza,gracielaisaacgarza@yahoo.com,11730218150,2004-03-05,"Boulevard Puebla 227 Interior 047, Vieja Irlanda, HGO 82808-3286",059.736.0122x9417,74:80:ab:fa:78:f0,187.53.78.134,GB86IIXN0750027393520,2025-06-23 18:01:51,10578,376,109,392051,dc01c0d5-fac0-4873-ab9e-a462c5a6e108
Jos Gaytán,josgaytán,josgaytán@hotmail.com,16461963130,1992-09-14,"Cerrada Castañeda 705 Interior 149, Vieja Camerún, JAL 14895-7709",(258)461-0544x61152,e0:8c:04:db:f7:01,63.134.233.248,GB53RRDH3467363511700,2025-06-23 18:01:51,12315,276,233,1415703,6d36ab2a-c491-4f73-9676-bee3d745cb49
María Eugenia Samaniego,maríaeugeniasamaniego,maríaeugeniasamaniego@yahoo.com,98778626188,1918-04-10,"Avenida Afganistán 510 577, San Victoria de la Montaña, COAH 55796",1-638-156-0520,36:3b:6a:42:73:94,166.129.3.181,GB53ZWHD2475319273697,2025-06-23 18:01:51,21322,849,453,253381,df933c1e-0663-4899-a15a-ca63da4ad6a0
Blanca Karla Rentería Zaragoza,blancakarlarenteríazaragoza,blancakarlarenteríazaragoza@hotmail.com,30878025052,1941-09-28,"Corredor Bernal 085 Interior 550, Vieja Somalia, VER 31847",1-269-031-5767x955,b4:5d:24:19:2f:48,103.102.124.209,GB29ZGJY6561600914976,2025-06-23 18:01:51,3777,457,728,1337139,12ccda0a-5e21-4da2-856e-9c150a11f205
Mtro. Berta Cantú,mtro.bertacantú,mtro.bertacantú@hotmail.com,15337118085,1993-12-31,"Viaducto Molina 782 Edif. 915 , Depto. 864, Nueva Haití, MICH 32705-4886",(901)239-3676x19354,d8:84:7a:cd:e9:7c,159.192.253.127,GB58RAXH0848575559564,2025-06-23 18:01:51,34823,961,501,1048990,c95e11cc-454a-4277-ade1-98f6398ce616
Ing. Francisco Soria,ing.franciscosoria,ing.franciscosoria@hotmail.com,18148525613,1992-12-08,"Circuito Sur Fonseca 173 632, San Jesús los altos, GTO 02634",1-927-730-4865x4737,e6:01:b2:a6:cb:fc,160.135.248.116,GB73TQZH5044343343883,2025-06-23 18:01:51,34818,768,659,787235,017add70-ecfc-4217-858b-2b0f39c395be
Mtro. Aldonza Rentería,mtro.aldonzarentería,mtro.aldonzarentería@yahoo.com,17083065122,1921-02-12,"Peatonal Camacho 482 186, Vieja Belarús, BC 85572",004-797-7892x973,1e:f2:fc:4f:cd:12,90.10.87.28,GB69DFAU3299701878105,2025-06-23 18:01:51,20173,547,75,815234,196706d9-1dc0-49b4-9411-1786471d8fbc
Noelia Velasco Montes,noeliavelascomontes,noeliavelascomontes@hotmail.com,7862175085,2022-05-24,"Ampliación Tamaulipas 844 Interior 291, San Ramón de la Montaña, DGO 09965-1127",+26(0)7082519774,b6:27:d5:8a:e8:42,140.90.117.130,GB21WHUW0471971512348,2025-06-23 18:01:51,13844,678,620,917390,b6f96f6d-954f-4012-b2e5-f652344a10aa
Andrea Iván Venegas de la Rosa,andreaivánvenegasdelarosa,andreaivánvenegasdelarosa@hotmail.com,57044399483,1909-08-02,"Cerrada Espinoza 516 379, San Víctor los bajos, MICH 32751-3096",326-295-1674,c6:4d:66:8e:83:e0,210.78.176.178,GB33XDPZ3121552677518,2025-06-23 18:01:51,6791,866,477,454339,d1732c67-b790-428c-9197-5e1ae74598d9
Emiliano Francisca Frías,emilianofranciscafrías,emilianofranciscafrías@gmail.com,92109827573,2009-11-04,"Continuación San Luis Potosí 875 Interior 094, Vieja Bangladesh, NAY 89847",(484)261-9400x62441,ee:c8:44:98:9c:49,214.135.43.105,GB85HNCW1705597240876,2025-06-23 18:01:51,73,753,74,1206335,6043f666-37af-4730-ba88-3f696961ca05
Ing. Porfirio Mota,ing.porfiriomota,ing.porfiriomota@gmail.com,83947026304,2004-08-28,"Cerrada Norte Bueno 921 416, Nueva Islandia, CHIS 93428",+84(6)8423279033,46:c7:1b:bf:32:94,158.20.237.148,GB19YQVG1253328906205,2025-06-23 18:01:51,33516,18,454,253241,22717be2-6e1d-4de1-8b83-25abe596292a
Pedro Aguayo,pedroaguayo,pedroaguayo@hotmail.com,8632128610,1912-08-25,"Circuito Tabasco 046 Interior 568, San Eloy los bajos, NAY 70424-9488",(872)548-9029,e4:26:73:d9:34:05,114.130.241.49,GB44SSDZ3967893914884,2025-06-23 18:01:51,10275,274,657,36629,70838ae9-9e57-42f2-bb5f-855ce1ad11c0
Darío Jorge Luis Villanueva Zarate,daríojorgeluisvillanuevazarate,daríojorgeluisvillanuevazarate@hotmail.com,36641727254,1991-03-08,"Peatonal Sudán 384 Interior 442, Nueva Uzbekistán, CHIH 10774",+17(7)0741017241,3a:47:6a:73:29:40,197.81.132.183,GB19BNTZ9918342459140,2025-06-23 18:01:51,31348,883,327,563768,72fd2746-9164-4a34-8a79-7f4d6c62b9ab
Andrés Natalia Terán Arevalo,andrésnataliateránarevalo,andrésnataliateránarevalo@gmail.com,94135276874,1960-03-12,"Eje vial Meléndez 112 437, Vieja Grecia, CHIS 10762",1-539-928-6501x21999,8c:5d:fb:1b:e2:7b,26.188.207.227,GB43VPYN5529006621298,2025-06-23 18:01:51,22885,489,45,363948,1815d77c-13ca-40ef-aed6-7ddae54b8eb1
Úrsula Guillermo Montañez Rael,úrsulaguillermomontañezrael,úrsulaguillermomontañezrael@gmail.com,21338076181,1922-02-14,"Eje vial Guerrero 545 Interior 249, Vieja Marruecos, SLP 65675",986-014-2920x937,52:2a:2a:77:48:f1,80.145.18.137,GB64RVXL3868487794787,2025-06-23 18:01:51,2145,237,481,1623950,7a20d826-d789-4090-aff7-17d7593e73f4
Olga Urrutia,olgaurrutia,olgaurrutia@hotmail.com,37589145053,1911-12-26,"Circunvalación Suecia 115 Interior 032, Nueva República Árabe Siria, MOR 13601-9333",1-469-874-1276,3c:f1:e6:19:d9:00,165.184.232.190,GB12CIHD4879963137822,2025-06-23 18:01:51,18938,651,769,1688804,1e70ff8f-6017-43ac-9a2b-c0a3c56a47c1
Ana Luisa Roberto Malave Vela,analuisarobertomalavevela,analuisarobertomalavevela@yahoo.com,20839237938,1996-02-12,"Avenida Chiapas 599 Edif. 330 , Depto. 524, Nueva Grecia, CHIH 57878-4200",02164599037,16:15:e1:93:12:62,36.217.71.131,GB51LZQJ1552423475760,2025-06-23 18:01:51,25616,451,670,1371717,7d62120b-7342-4ea4-9414-a1395e29aacc
Alfredo Alejandro Acuña Olivárez,alfredoalejandroacuñaolivárez,alfredoalejandroacuñaolivárez@gmail.com,83360631986,1962-07-10,"Ampliación Campeche 643 336, San Armando los altos, GTO 65706-5314",146.448.1689,18:f5:b9:b2:a5:f3,77.241.8.18,GB48HUST6793369335180,2025-06-23 18:01:51,12366,907,277,475906,3689aa80-e683-4325-9df3-96d93651dea7
Arturo Perla Ontiveros,arturoperlaontiveros,arturoperlaontiveros@yahoo.com,82658882400,1964-12-18,"Eje vial Sur Cortés 571 Interior 237, Vieja Chipre, SLP 30698",043.622.7783x56318,0a:0e:db:1a:d7:67,119.225.238.28,GB24WGCZ8863285969329,2025-06-23 18:01:51,4735,34,264,143269,481abd73-543f-4ebb-999a-a769e996ce29
Abigail Abraham Griego,abigailabrahamgriego,abigailabrahamgriego@hotmail.com,76085592442,2006-08-31,"Pasaje Saiz 504 Interior 361, Vieja Armenia, CHIS 27011",1-022-086-1328,f8:1a:24:88:ea:30,62.199.14.171,GB92EILC0224996344778,2025-06-23 18:01:51,26885,509,794,374050,1e5eb707-0ae3-4aae-886d-1b1bd0024695
Martín Rebeca Vélez Aguirre,martínrebecavélezaguirre,martínrebecavélezaguirre@yahoo.com,8445169124,2007-12-10,"Callejón Meléndez 586 Edif. 567 , Depto. 006, San Enrique los bajos, SON 00233-1901",1-168-646-6632x7128,dc:49:93:db:6f:68,182.63.41.34,GB38OYUS4117460181235,2025-06-23 18:01:51,30651,19,401,1800001,3a2ac7d9-c504-4cc6-8949-bb1498ca8695
Gabriel Minerva Villagómez,gabrielminervavillagómez,gabrielminervavillagómez@yahoo.com,77744956143,1977-04-27,"Corredor Tabasco 571 Interior 910, San Claudio los bajos, PUE 28847-9331",(201)885-8616,4a:b7:1c:ec:09:ba,14.72.225.101,GB20AUKG8641107510005,2025-06-23 18:01:51,12085,204,21,1223319,1f5a11c9-1900-4643-965e-141db32f578a
Victoria Alcala Carbajal,victoriaalcalacarbajal,victoriaalcalacarbajal@hotmail.com,12493978345,1909-11-29,"Calzada Sur Ceja 238 Edif. 389 , Depto. 764, San Espartaco los bajos, BCS 56709-4720",1-417-721-3772,34:bd:b5:c4:5c:31,116.225.230.8,GB91NEAB4028622548301,2025-06-23 18:01:51,27909,879,128,676740,73be9952-bec4-45d6-a482-6e74e610fc72
Ing. Isabela Gaytán,ing.isabelagaytán,ing.isabelagaytán@hotmail.com,58353484015,1950-01-29,"Diagonal Puga 259 Interior 099, San Dolores los altos, CHIS 13603",727-939-7030x39994,cc:f8:e1:52:87:18,90.54.40.179,GB40GBSL5701080946527,2025-06-23 18:01:51,15638,16,277,731029,3046c0f2-32ac-4f45-8020-a7606a719889
Francisco Javier Nájera Roque,franciscojaviernájeraroque,franciscojaviernájeraroque@yahoo.com,65175772956,1984-11-27,"Cerrada República Centroafricana 183 585, Vieja Bolivia, Q. ROO 54748-8261",(708)202-5286x1792,96:7a:79:e0:89:d7,159.209.242.170,GB82IPQZ1484614762578,2025-06-23 18:01:51,2584,184,748,58867,38eb8a4a-24dc-4ba5-bb7a-04ba4a29d0e0
Mtro. Ana Alba,mtro.anaalba,mtro.anaalba@hotmail.com,77357811536,1915-08-07,"Calle Roque 572 Edif. 344 , Depto. 241, San Augusto los bajos, COAH 38112-6915",1-280-933-7265,c6:79:e8:63:d1:89,173.76.167.140,GB50NGNY7374298106912,2025-06-23 18:01:51,6868,709,539,286501,e8bdefff-62a0-4798-ae00-1121f855a562
Abelardo Ana Luisa Malave Flores,abelardoanaluisamalaveflores,abelardoanaluisamalaveflores@gmail.com,70746131617,2023-02-22,"Privada Zelaya 791 Edif. 226 , Depto. 621, San Verónica de la Montaña, TAMPS 68463-2127",836-159-5625,28:36:e4:9b:ae:5e,192.236.209.243,GB28QUXS6831827342665,2025-06-23 18:01:51,24573,534,197,49728,d95a672d-1110-4c18-b208-0a41b7eb74be
Fidel Sergio Parra Casares,fidelsergioparracasares,fidelsergioparracasares@hotmail.com,76278057674,2013-01-01,"Avenida Croacia 606 998, San Isaac de la Montaña, SIN 69613",+52(7)4660630698,42:2b:8c:43:5a:27,15.58.78.55,GB27DQEQ5835061559701,2025-06-23 18:01:51,21541,287,401,217370,4a73b88f-a33f-432e-adcf-d5d7d101c651
Benjamín Carmen Pichardo Rubio,benjamíncarmenpichardorubio,benjamíncarmenpichardorubio@hotmail.com,97654948997,1979-09-08,"Pasaje Botello 647 060, Vieja Eritrea, TAMPS 58114-9858",453.008.4229x59937,de:60:a8:fe:52:1a,58.36.93.46,GB53KIBN0639982831675,2025-06-23 18:01:51,14298,176,766,1126363,85189216-3ca5-4dbc-a691-1f41e44259b0
Minerva Florencia Tovar,minervaflorenciatovar,minervaflorenciatovar@yahoo.com,81417190550,1914-10-26,"Calzada Dominicana 734 Edif. 627 , Depto. 100, Vieja Kiribati, CHIH 36518",07406247314,7c:4d:d3:5a:58:28,62.147.144.119,GB74QMKG6390876651748,2025-06-23 18:01:51,23700,408,357,1786626,c487bbcd-f4c6-4dbb-9b65-209157100f49
Dulce María Quiñónez,dulcemaríaquiñónez,dulcemaríaquiñónez@hotmail.com,82090014349,1994-07-22,"Peatonal Sur Escobar 784 Edif. 519 , Depto. 617, San Sergio de la Montaña, ZAC 54870",+28(2)3221102330,de:6c:4f:db:43:aa,21.198.133.142,GB85GQPP1911537467230,2025-06-23 18:01:51,21162,1000,461,511367,936c40f0-a60e-4f19-a26b-64c4b2c2ca42
Elisa Cecilia Tirado Ybarra,elisaceciliatiradoybarra,elisaceciliatiradoybarra@yahoo.com,23073668628,1933-08-03,"Prolongación Pacheco 052 Edif. 437 , Depto. 536, San Noelia los altos, TLAX 30822-1026",1-332-742-6359,50:91:d9:08:7c:07,150.194.125.92,GB94XBMN8526246326606,2025-06-23 18:01:51,31261,439,563,780800,46bc9477-b76c-431c-9870-2283166be499
María del Carmen Magdalena Posada Esquibel,maríadelcarmenmagdalenaposadaesquibel,maríadelcarmenmagdalenaposadaesquibel@yahoo.com,12922846592,1932-08-12,"Peatonal Mauricio 009 480, Nueva Madagascar, OAX 25817-8872",1-012-104-6103,8e:88:fc:fb:99:5b,171.193.248.0,GB39RXWK7547488927740,2025-06-23 18:01:51,21503,47,663,742355,70adbc1c-dfca-47b7-9698-c4a8eaa9aabb
Ing. María Eugenia Alejandro,ing.maríaeugeniaalejandro,ing.maríaeugeniaalejandro@yahoo.com,88773914010,1943-01-18,"Corredor Distrito Federal 889 Edif. 877 , Depto. 805, San Eduardo los bajos, CHIS 07596",(409)950-3993,04:9a:09:0d:83:32,61.9.137.69,GB97UWSV6691921405567,2025-06-23 18:01:51,1752,87,569,124824,2a85fa5d-4fff-41e7-bdbb-293071baf157
Barbara Tapia Villareal,barbaratapiavillareal,barbaratapiavillareal@yahoo.com,3666077239,1928-01-12,"Cerrada Norte Linares 543 Edif. 581 , Depto. 363, Nueva República Unida de Tanzanía, ZAC 51703-3391",1-723-836-9436,e2:2c:d6:10:7d:9d,167.126.245.62,GB18AWOC5896154034359,2025-06-23 18:01:51,26320,999,54,1356951,6836b133-443f-41bf-b598-2a506a1f7954
Inés Roldán Santacruz,inésroldánsantacruz,inésroldánsantacruz@gmail.com,38818912370,1957-09-20,"Callejón Guerrero 280 829, Nueva Sudán del Sur, SIN 29118",1-710-763-9829x03326,38:42:63:5e:de:9c,105.30.169.28,GB85ZTGY6300489997745,2025-06-23 18:01:51,23401,288,735,1307580,c3ba03df-ffc8-41fd-958c-a7716c73e441
José Luis Polanco,joséluispolanco,joséluispolanco@hotmail.com,24947162905,1924-10-13,"Periférico Sepúlveda 823 Edif. 026 , Depto. 189, San Eugenio de la Montaña, TAB 14872",1-026-695-5563,4c:4e:18:48:bd:4a,139.157.155.17,GB75BMYC8835588862017,2025-06-23 18:01:51,26602,362,174,1214305,c9174737-4686-4dbc-8478-67b5172e28af
Sr(a). Marisela Salinas,sr(a).mariselasalinas,sr(a).mariselasalinas@yahoo.com,76421998139,2008-06-07,"Periférico Uruguay 464 935, San José María los altos, BC 76798",445-263-1647x11884,02:67:63:13:d4:1b,161.29.79.126,GB68UBKE4419831551685,2025-06-23 18:01:51,11984,451,578,662359,c8f0994b-c0b3-47bb-8d6e-f64f21ed8a19
Alma Marcos Terrazas Holguín,almamarcosterrazasholguín,almamarcosterrazasholguín@hotmail.com,2161789751,2016-04-07,"Cerrada Michoacán de Ocampo 164 Interior 771, San Fidel los bajos, DF 40848",459-547-7768,02:11:ec:0e:66:e7,201.5.185.143,GB58EIUB9837115914363,2025-06-23 18:01:51,34695,451,209,580313,ee33dd7f-aff1-4083-82a3-e47929f8c6c1
Francisca Arredondo Tapia,franciscaarredondotapia,franciscaarredondotapia@hotmail.com,13970178052,1916-05-06,"Eje vial Granado 143 Edif. 504 , Depto. 483, Nueva Côte d'Ivoire, VER 48294-5448",511.648.2524x04031,de:88:32:a8:4d:7b,140.179.99.41,GB32HEVS6131711964210,2025-06-23 18:01:51,34715,813,579,1308822,e9400bdc-5eee-4d52-b450-a19601bc262d
Alejandro Camila Mascareñas Ramírez,alejandrocamilamascareñasramírez,alejandrocamilamascareñasramírez@gmail.com,59723435893,1911-08-21,"Avenida San Luis Potosí 378 Interior 811, Vieja Sudán, OAX 07167",384-355-5135x73063,bc:e4:91:1f:5f:9c,83.107.18.118,GB54OGFF5929348796612,2025-06-23 18:01:51,21037,353,642,1268,056f778c-b9ba-4769-8299-b3db0c7cf654
Gustavo Linda Arredondo,gustavolindaarredondo,gustavolindaarredondo@hotmail.com,68970204217,1985-04-06,"Calle Sur Aragón 266 Interior 064, San Espartaco los altos, SIN 81551",289.441.8210x4861,0a:f9:27:0a:bf:96,9.174.22.201,GB08ISPD7612234699454,2025-06-23 18:01:51,35652,545,194,1863920,d8dd70ea-55bf-4a05-ac60-55af14f3c962
Gabriel Cano,gabrielcano,gabrielcano@yahoo.com,29172221656,2004-11-26,"Pasaje Distrito Federal 141 Interior 487, San María Luisa los bajos, TLAX 92661",096-303-5355,f6:d9:d2:09:bd:69,9.79.218.104,GB33GOPW5567503289461,2025-06-23 18:01:51,17989,400,794,1168154,418fde5b-0e9e-4249-a88f-5bed80d4d9ba
Sr(a). Gustavo Loya,sr(a).gustavoloya,sr(a).gustavoloya@yahoo.com,49054742389,1957-02-09,"Ampliación Tamaulipas 542 Edif. 845 , Depto. 377, Vieja Tailandia, PUE 88487-6543",160.433.6163,62:a6:9b:fa:ff:78,50.9.96.152,GB40QUJI8756863887810,2025-06-23 18:01:51,29394,285,624,1267934,c94d0ac5-2d53-4868-acf7-8d007605910e
Wilfrido Reyna Grijalva,wilfridoreynagrijalva,wilfridoreynagrijalva@yahoo.com,72636779455,1930-10-13,"Andador Montez 846 755, San Ana María los altos, CAMP 80345-8194",1-318-454-4504,c4:20:94:99:cb:f5,176.252.98.250,GB13FNHL8384196429892,2025-06-23 18:01:51,29504,421,403,1858616,b2152f7f-b2e6-4040-821a-711b33650065
Ilse Caridad Armendáriz Muro,ilsecaridadarmendárizmuro,ilsecaridadarmendárizmuro@gmail.com,59500848219,1978-06-06,"Ampliación Belice 517 Edif. 124 , Depto. 375, Nueva Bolivia, MICH 01048-3229",699-668-9351,38:de:90:1a:20:eb,153.236.38.67,GB85AGDA6970412866617,2025-06-23 18:01:51,29384,625,632,1431429,5e542a28-4e3c-4be6-bf94-84b90a5302dd
Juan Fabiola Flórez,juanfabiolaflórez,juanfabiolaflórez@yahoo.com,10984212752,1952-11-18,"Cerrada Rocha 076 Interior 843, San Carlos los altos, BCS 97075-6093",829.966.6217,54:f0:37:43:99:67,41.93.152.230,GB31IFOC1411925236245,2025-06-23 18:01:51,11288,113,645,1346328,9bf384af-529a-475b-92af-2284a6ee4b3d
Nicolás Sosa Peralta,nicolássosaperalta,nicolássosaperalta@yahoo.com,34756059043,1928-04-18,"Retorno Colima 319 Interior 833, Nueva Maldivas, TAMPS 81377-4352",1-389-144-2414x5390,c6:aa:5f:7e:19:9c,9.203.194.109,GB69GDVP7287158160167,2025-06-23 18:01:51,7882,693,711,604469,06798fc3-bae7-4b2d-b584-a05a8a578368
Mauro Manzanares,mauromanzanares,mauromanzanares@hotmail.com,88577511681,1973-04-23,"Avenida Portugal 922 Edif. 902 , Depto. 817, San Lourdes los altos, HGO 03618",134.278.0012x7151,4e:62:cb:23:42:3e,26.75.26.71,GB84RJDF2442554551257,2025-06-23 18:01:51,35591,879,534,1385444,e0c9ce26-3ba8-4289-9391-e2a7e2d448d4
Lic. Arturo Alejandro,lic.arturoalejandro,lic.arturoalejandro@hotmail.com,45966448305,1996-08-30,"Boulevard Grecia 523 340, Vieja Afganistán, PUE 38530-4568",358-096-2893,38:40:4b:8d:23:f3,123.149.223.191,GB68DBQR6718919704058,2025-06-23 18:01:51,4508,278,759,1424148,4ffa60a5-99bb-4646-8039-a92743732f5f
Catalina Jerónimo Granado Mejía,catalinajerónimogranadomejía,catalinajerónimogranadomejía@hotmail.com,98846008484,1982-02-27,"Avenida Sur Niño 121 475, Nueva Djibouti, COAH 08709",1-940-299-6138x1221,9c:2b:19:37:03:98,98.66.21.100,GB89WSRV3341586333655,2025-06-23 18:01:51,25947,944,747,1274095,bff148d9-4d3c-443c-bfcf-63ea47e7d13f
Abraham Felipe Cornejo,abrahamfelipecornejo,abrahamfelipecornejo@gmail.com,55257721955,2005-04-18,"Callejón Sur Almonte 060 Interior 432, Vieja Finlandia, TLAX 53005",1-185-724-4590x9329,00:94:e1:a7:c5:c8,92.29.94.107,GB25YXMB5170123030895,2025-06-23 18:01:51,8367,78,91,431502,0f98ec25-27fa-4067-81e1-28a8ecaa8f7f
Dr. Esther Gil,dr.esthergil,dr.esthergil@yahoo.com,83853702625,1998-09-17,"Periférico Pulido 702 Edif. 931 , Depto. 994, San Cristal los altos, ZAC 13727-7378",(642)032-9029,a4:30:16:30:bc:a7,199.132.61.0,GB78WRGY7036148437235,2025-06-23 18:01:51,19888,837,790,381292,90620d04-6d46-4016-bb3e-e2cf9393b343
Daniela Luisa Montero Rivero,danielaluisamonterorivero,danielaluisamonterorivero@gmail.com,57590475349,1957-04-10,"Privada Alva 894 Interior 186, San Francisca los altos, NL 48746",930-803-3796x0875,de:82:fa:b5:5a:b0,68.195.192.250,GB27NDDV2904555446685,2025-06-23 18:01:51,19554,714,233,1039948,5f04d407-08b7-46e2-a495-6dacc3dc46fb
Minerva Oswaldo Cortez Gutiérrez,minervaoswaldocortezgutiérrez,minervaoswaldocortezgutiérrez@hotmail.com,38302991039,1979-05-02,"Callejón Coahuila de Zaragoza 518 Interior 995, Nueva San Marino, ZAC 28688-1159",904-891-3088x129,2c:36:2f:30:af:1c,7.116.70.50,GB77UNXZ8628451727430,2025-06-23 18:01:51,22106,437,63,975649,c6c0513c-7eb1-4403-b0a6-4be488e78c53
Minerva Leonardo Henríquez,minervaleonardohenríquez,minervaleonardohenríquez@yahoo.com,32906706174,2006-09-04,"Diagonal Tamaulipas 695 025, San Salma los bajos, GTO 71532",(065)464-8145,80:b0:43:b7:1c:aa,174.216.7.63,GB73JPZQ6828694810621,2025-06-23 18:01:51,30080,756,10,389908,c7f25b6a-3da3-4c68-a5db-1c250eb3823d
Ing. Rebeca Olivárez,ing.rebecaolivárez,ing.rebecaolivárez@gmail.com,4920763044,1999-07-04,"Pasaje Jalisco 635 Edif. 013 , Depto. 453, Vieja Cuba, TLAX 73838-0042",899.804.1677,8e:03:67:f0:d7:fe,126.141.161.235,GB14BBCD3731443650952,2025-06-23 18:01:51,31296,678,752,963682,bd81cfb7-55ef-48c1-8176-1d8fcc873194
Joaquín Carla Rascón,joaquíncarlarascón,joaquíncarlarascón@yahoo.com,74676222701,1965-12-22,"Calle Veracruz de Ignacio de la Llave 451 Edif. 460 , Depto. 194, Vieja Zimbabwe, NAY 71591-5327",274-874-7281x64991,b2:15:61:95:dc:1f,57.96.102.7,GB27ZAQC9032904413014,2025-06-23 18:01:51,26871,534,771,1874553,13c6e8b8-5d88-4e89-8cc5-ecf9a231e2c0
Julia Reynaldo Barragán,juliareynaldobarragán,juliareynaldobarragán@gmail.com,46953214734,1950-08-22,"Diagonal Hidalgo 381 739, San Ángela los bajos, SON 15508",(367)356-6771x2631,10:27:e3:81:10:af,2.53.52.146,GB78XPQO8800659638798,2025-06-23 18:01:51,2224,379,328,883939,61e3a6e6-85f3-42ef-9b3a-d319275f7c4e
Hugo Nayeli Negrón,hugonayelinegrón,hugonayelinegrón@gmail.com,58346886664,2003-05-02,"Prolongación Norte Zayas 233 150, San Úrsula los bajos, SON 18034",1-217-999-9053,7a:9f:68:49:96:a4,15.212.255.152,GB25YGLM2328322031496,2025-06-23 18:01:51,18179,350,125,379177,c4d080fa-05af-48ba-bb39-e2a8cc0819ef
Aldonza Beatriz Viera González,aldonzabeatrizvieragonzález,aldonzabeatrizvieragonzález@yahoo.com,13604842164,1993-08-25,"Viaducto Baja California 963 Edif. 335 , Depto. 023, San María Eugenia los altos, CHIS 38904-9148",424-886-2778x9185,0a:5a:94:ca:9c:4e,188.102.129.113,GB88VESY1139423227549,2025-06-23 18:01:51,31920,116,201,1984840,012ce807-d09e-4cb9-b22b-1639adcd8496
Ing. Araceli Jaramillo,ing.aracelijaramillo,ing.aracelijaramillo@hotmail.com,52205550214,1963-01-02,"Prolongación Norte Lomeli 964 Interior 924, San Adalberto los bajos, DGO 60601-5118",(314)178-5109x59059,88:8a:08:28:f8:1b,52.58.168.57,GB36IJWQ3402484804326,2025-06-23 18:01:51,12734,531,715,331592,a377c3b1-e979-4fe0-830a-dfa0c6761065
José Eduardo Teodoro Longoria,joséeduardoteodorolongoria,joséeduardoteodorolongoria@yahoo.com,20883319244,1947-01-19,"Boulevard Bétancourt 355 Interior 898, San Socorro los bajos, VER 49120-9010",066.086.7802x9743,50:17:02:b0:b7:84,3.107.80.51,GB35CFEE8964379652295,2025-06-23 18:01:51,11049,37,690,1184649,14f37c84-5091-4b5b-9958-6d0339289cf4
María del Carmen Olivárez Pedraza,maríadelcarmenolivárezpedraza,maríadelcarmenolivárezpedraza@hotmail.com,59385820796,1991-01-25,"Calzada Guerrero 267 Edif. 351 , Depto. 615, San Rosa los bajos, TAMPS 28290",1-379-151-7548,72:7f:e4:78:95:4c,217.77.168.171,GB24MUJP3186628730415,2025-06-23 18:01:51,19647,824,6,401225,ad35c7d1-ac80-46ee-a2c2-ae11f8b7b9aa
Lic. Nelly Fonseca,lic.nellyfonseca,lic.nellyfonseca@yahoo.com,71532456879,1913-07-12,"Privada Hinojosa 808 Edif. 958 , Depto. 905, San Alonso de la Montaña, YUC 76975",1-050-687-5713,d6:05:6e:42:b8:a5,109.107.174.57,GB94TIIK1350476392717,2025-06-23 18:01:51,2460,924,95,585687,84ca2cb7-9e7d-4bdd-9867-6dbf5354119f
Sr(a). Úrsula Villarreal,sr(a).úrsulavillarreal,sr(a).úrsulavillarreal@yahoo.com,52852520908,1937-10-29,"Prolongación Chihuahua 442 Edif. 535 , Depto. 145, San Karla los bajos, NL 20209-8199",730-450-5603,bc:ba:bc:08:e2:99,55.248.228.41,GB89LSIH5853445916142,2025-06-23 18:01:51,27969,618,442,943924,1fe8498c-d8b9-4b38-8bf1-88654d55b1c9
Esparta Aurora Mesa Mesa,espartaauroramesamesa,espartaauroramesamesa@yahoo.com,82061964001,1928-11-11,"Andador Sri Lanka 546 Edif. 455 , Depto. 283, Nueva Ghana, DF 79353",089-855-2506,42:60:60:12:b2:7d,28.129.143.102,GB95GEIS0498612157415,2025-06-23 18:01:51,32511,898,177,944416,dfa6027a-e315-4122-a0dc-30eefcd87286
